-- phpMyAdmin SQL Dump
-- version 5.2.1
-- https://www.phpmyadmin.net/
--
-- Host: 127.0.0.1
-- Generation Time: Sep 13, 2025 at 02:55 AM
-- Server version: 10.4.32-MariaDB
-- PHP Version: 8.2.12

SET SQL_MODE = "NO_AUTO_VALUE_ON_ZERO";
START TRANSACTION;
SET time_zone = "+00:00";


/*!40101 SET @OLD_CHARACTER_SET_CLIENT=@@CHARACTER_SET_CLIENT */;
/*!40101 SET @OLD_CHARACTER_SET_RESULTS=@@CHARACTER_SET_RESULTS */;
/*!40101 SET @OLD_COLLATION_CONNECTION=@@COLLATION_CONNECTION */;
/*!40101 SET NAMES utf8mb4 */;

--
-- Database: `admin_panel_bd`
--

-- --------------------------------------------------------

--
-- Table structure for table `brands`
--

CREATE TABLE `brands` (
  `id` bigint(20) UNSIGNED NOT NULL,
  `name` varchar(255) NOT NULL,
  `slug` varchar(255) NOT NULL,
  `image` varchar(255) DEFAULT NULL,
  `status` tinyint(4) NOT NULL DEFAULT 1 COMMENT '1 = Active, 0 = Inactive',
  `created_at` timestamp NULL DEFAULT NULL,
  `updated_at` timestamp NULL DEFAULT NULL
) ENGINE=InnoDB DEFAULT CHARSET=utf8mb4 COLLATE=utf8mb4_unicode_ci;

--
-- Dumping data for table `brands`
--

INSERT INTO `brands` (`id`, `name`, `slug`, `image`, `status`, `created_at`, `updated_at`) VALUES
(1, 'Unbranded', 'unbranded', NULL, 1, '2025-09-11 11:21:59', '2025-09-11 11:21:59');

-- --------------------------------------------------------

--
-- Table structure for table `cache`
--

CREATE TABLE `cache` (
  `key` varchar(255) NOT NULL,
  `value` mediumtext NOT NULL,
  `expiration` int(11) NOT NULL
) ENGINE=InnoDB DEFAULT CHARSET=utf8mb4 COLLATE=utf8mb4_unicode_ci;

--
-- Dumping data for table `cache`
--

INSERT INTO `cache` (`key`, `value`, `expiration`) VALUES
('laravel-cache-spatie.permission.cache', 'a:3:{s:5:\"alias\";a:4:{s:1:\"a\";s:2:\"id\";s:1:\"b\";s:4:\"name\";s:1:\"c\";s:10:\"guard_name\";s:1:\"r\";s:5:\"roles\";}s:11:\"permissions\";a:23:{i:0;a:4:{s:1:\"a\";i:1;s:1:\"b\";s:15:\"category_create\";s:1:\"c\";s:3:\"web\";s:1:\"r\";a:2:{i:0;i:1;i:1;i:2;}}i:1;a:4:{s:1:\"a\";i:2;s:1:\"b\";s:13:\"category_view\";s:1:\"c\";s:3:\"web\";s:1:\"r\";a:2:{i:0;i:1;i:1;i:2;}}i:2;a:4:{s:1:\"a\";i:3;s:1:\"b\";s:13:\"category_edit\";s:1:\"c\";s:3:\"web\";s:1:\"r\";a:1:{i:0;i:1;}}i:3;a:4:{s:1:\"a\";i:4;s:1:\"b\";s:15:\"category_delete\";s:1:\"c\";s:3:\"web\";s:1:\"r\";a:2:{i:0;i:1;i:1;i:2;}}i:4;a:4:{s:1:\"a\";i:5;s:1:\"b\";s:12:\"brand_create\";s:1:\"c\";s:3:\"web\";s:1:\"r\";a:2:{i:0;i:1;i:1;i:2;}}i:5;a:4:{s:1:\"a\";i:6;s:1:\"b\";s:10:\"brand_view\";s:1:\"c\";s:3:\"web\";s:1:\"r\";a:2:{i:0;i:1;i:1;i:2;}}i:6;a:4:{s:1:\"a\";i:7;s:1:\"b\";s:10:\"brand_edit\";s:1:\"c\";s:3:\"web\";s:1:\"r\";a:2:{i:0;i:1;i:1;i:2;}}i:7;a:4:{s:1:\"a\";i:8;s:1:\"b\";s:12:\"brand_delete\";s:1:\"c\";s:3:\"web\";s:1:\"r\";a:1:{i:0;i:1;}}i:8;a:4:{s:1:\"a\";i:9;s:1:\"b\";s:14:\"product_create\";s:1:\"c\";s:3:\"web\";s:1:\"r\";a:2:{i:0;i:1;i:1;i:2;}}i:9;a:4:{s:1:\"a\";i:10;s:1:\"b\";s:12:\"product_view\";s:1:\"c\";s:3:\"web\";s:1:\"r\";a:2:{i:0;i:1;i:1;i:2;}}i:10;a:4:{s:1:\"a\";i:11;s:1:\"b\";s:12:\"product_edit\";s:1:\"c\";s:3:\"web\";s:1:\"r\";a:2:{i:0;i:1;i:1;i:2;}}i:11;a:4:{s:1:\"a\";i:12;s:1:\"b\";s:14:\"product_delete\";s:1:\"c\";s:3:\"web\";s:1:\"r\";a:1:{i:0;i:1;}}i:12;a:4:{s:1:\"a\";i:13;s:1:\"b\";s:11:\"role_create\";s:1:\"c\";s:3:\"web\";s:1:\"r\";a:1:{i:0;i:1;}}i:13;a:4:{s:1:\"a\";i:14;s:1:\"b\";s:9:\"role_view\";s:1:\"c\";s:3:\"web\";s:1:\"r\";a:1:{i:0;i:1;}}i:14;a:4:{s:1:\"a\";i:15;s:1:\"b\";s:9:\"role_edit\";s:1:\"c\";s:3:\"web\";s:1:\"r\";a:1:{i:0;i:1;}}i:15;a:4:{s:1:\"a\";i:16;s:1:\"b\";s:11:\"role_delete\";s:1:\"c\";s:3:\"web\";s:1:\"r\";a:1:{i:0;i:1;}}i:16;a:4:{s:1:\"a\";i:17;s:1:\"b\";s:11:\"user_create\";s:1:\"c\";s:3:\"web\";s:1:\"r\";a:1:{i:0;i:1;}}i:17;a:4:{s:1:\"a\";i:18;s:1:\"b\";s:9:\"user_view\";s:1:\"c\";s:3:\"web\";s:1:\"r\";a:1:{i:0;i:1;}}i:18;a:4:{s:1:\"a\";i:19;s:1:\"b\";s:9:\"user_edit\";s:1:\"c\";s:3:\"web\";s:1:\"r\";a:1:{i:0;i:1;}}i:19;a:4:{s:1:\"a\";i:20;s:1:\"b\";s:11:\"user_delete\";s:1:\"c\";s:3:\"web\";s:1:\"r\";a:1:{i:0;i:1;}}i:20;a:4:{s:1:\"a\";i:21;s:1:\"b\";s:14:\"dashboard_view\";s:1:\"c\";s:3:\"web\";s:1:\"r\";a:2:{i:0;i:1;i:1;i:2;}}i:21;a:4:{s:1:\"a\";i:22;s:1:\"b\";s:20:\"system-settings_edit\";s:1:\"c\";s:3:\"web\";s:1:\"r\";a:1:{i:0;i:1;}}i:22;a:4:{s:1:\"a\";i:23;s:1:\"b\";s:22:\"system-settings_update\";s:1:\"c\";s:3:\"web\";s:1:\"r\";a:1:{i:0;i:1;}}}s:5:\"roles\";a:2:{i:0;a:3:{s:1:\"a\";i:1;s:1:\"b\";s:5:\"admin\";s:1:\"c\";s:3:\"web\";}i:1;a:3:{s:1:\"a\";i:2;s:1:\"b\";s:4:\"user\";s:1:\"c\";s:3:\"web\";}}}', 1757808349);

-- --------------------------------------------------------

--
-- Table structure for table `cache_locks`
--

CREATE TABLE `cache_locks` (
  `key` varchar(255) NOT NULL,
  `owner` varchar(255) NOT NULL,
  `expiration` int(11) NOT NULL
) ENGINE=InnoDB DEFAULT CHARSET=utf8mb4 COLLATE=utf8mb4_unicode_ci;

-- --------------------------------------------------------

--
-- Table structure for table `categories`
--

CREATE TABLE `categories` (
  `id` bigint(20) UNSIGNED NOT NULL,
  `name` varchar(255) NOT NULL,
  `slug` varchar(255) NOT NULL,
  `image` varchar(255) DEFAULT NULL,
  `status` tinyint(4) NOT NULL DEFAULT 1 COMMENT '1 = Active, 0 = Inactive',
  `created_at` timestamp NULL DEFAULT NULL,
  `updated_at` timestamp NULL DEFAULT NULL
) ENGINE=InnoDB DEFAULT CHARSET=utf8mb4 COLLATE=utf8mb4_unicode_ci;

--
-- Dumping data for table `categories`
--

INSERT INTO `categories` (`id`, `name`, `slug`, `image`, `status`, `created_at`, `updated_at`) VALUES
(1, 'Uncategorized', 'uncategorized', NULL, 1, '2025-09-11 11:21:59', '2025-09-11 11:21:59'),
(5, 'Clothing', 'clothing', NULL, 0, '2025-09-12 20:40:14', '2025-09-12 15:36:52'),
(6, 'Sports', 'sports', NULL, 1, '2025-09-12 20:40:14', '2025-09-12 20:40:14'),
(8, 'Toys', 'toys', NULL, 1, '2025-09-12 20:40:14', '2025-09-12 20:40:14'),
(9, 'Furniture', 'furniture', NULL, 1, '2025-09-12 20:40:14', '2025-09-12 20:40:14'),
(11, 'Movies', 'movies', NULL, 1, '2025-09-12 20:40:14', '2025-09-12 20:40:14'),
(12, 'Grocery', 'grocery', NULL, 1, '2025-09-12 20:40:14', '2025-09-12 20:40:14'),
(14, 'Pet Supplies', 'pet-supplies', NULL, 1, '2025-09-12 20:40:14', '2025-09-12 20:40:14'),
(15, 'Health', 'health', NULL, 0, '2025-09-12 20:40:14', '2025-09-12 20:40:14'),
(23, 'Xavier Delaney', 'xavier-delaney', NULL, 1, '2025-09-12 16:24:30', '2025-09-12 16:24:30'),
(24, 'Alec Alford', 'alec-alford', NULL, 0, '2025-09-12 17:28:00', '2025-09-12 17:28:00');

-- --------------------------------------------------------

--
-- Table structure for table `failed_jobs`
--

CREATE TABLE `failed_jobs` (
  `id` bigint(20) UNSIGNED NOT NULL,
  `uuid` varchar(255) NOT NULL,
  `connection` text NOT NULL,
  `queue` text NOT NULL,
  `payload` longtext NOT NULL,
  `exception` longtext NOT NULL,
  `failed_at` timestamp NOT NULL DEFAULT current_timestamp()
) ENGINE=InnoDB DEFAULT CHARSET=utf8mb4 COLLATE=utf8mb4_unicode_ci;

-- --------------------------------------------------------

--
-- Table structure for table `jobs`
--

CREATE TABLE `jobs` (
  `id` bigint(20) UNSIGNED NOT NULL,
  `queue` varchar(255) NOT NULL,
  `payload` longtext NOT NULL,
  `attempts` tinyint(3) UNSIGNED NOT NULL,
  `reserved_at` int(10) UNSIGNED DEFAULT NULL,
  `available_at` int(10) UNSIGNED NOT NULL,
  `created_at` int(10) UNSIGNED NOT NULL
) ENGINE=InnoDB DEFAULT CHARSET=utf8mb4 COLLATE=utf8mb4_unicode_ci;

-- --------------------------------------------------------

--
-- Table structure for table `job_batches`
--

CREATE TABLE `job_batches` (
  `id` varchar(255) NOT NULL,
  `name` varchar(255) NOT NULL,
  `total_jobs` int(11) NOT NULL,
  `pending_jobs` int(11) NOT NULL,
  `failed_jobs` int(11) NOT NULL,
  `failed_job_ids` longtext NOT NULL,
  `options` mediumtext DEFAULT NULL,
  `cancelled_at` int(11) DEFAULT NULL,
  `created_at` int(11) NOT NULL,
  `finished_at` int(11) DEFAULT NULL
) ENGINE=InnoDB DEFAULT CHARSET=utf8mb4 COLLATE=utf8mb4_unicode_ci;

-- --------------------------------------------------------

--
-- Table structure for table `long_description_images`
--

CREATE TABLE `long_description_images` (
  `id` bigint(20) UNSIGNED NOT NULL,
  `product_id` bigint(20) UNSIGNED NOT NULL,
  `image_path` varchar(255) NOT NULL,
  `created_at` timestamp NULL DEFAULT NULL,
  `updated_at` timestamp NULL DEFAULT NULL
) ENGINE=InnoDB DEFAULT CHARSET=utf8mb4 COLLATE=utf8mb4_unicode_ci;

-- --------------------------------------------------------

--
-- Table structure for table `migrations`
--

CREATE TABLE `migrations` (
  `id` int(10) UNSIGNED NOT NULL,
  `migration` varchar(255) NOT NULL,
  `batch` int(11) NOT NULL
) ENGINE=InnoDB DEFAULT CHARSET=utf8mb4 COLLATE=utf8mb4_unicode_ci;

--
-- Dumping data for table `migrations`
--

INSERT INTO `migrations` (`id`, `migration`, `batch`) VALUES
(1, '0001_01_01_000000_create_users_table', 1),
(2, '0001_01_01_000001_create_cache_table', 1),
(3, '0001_01_01_000002_create_jobs_table', 1),
(4, '2025_09_03_215527_create_permission_tables', 1),
(5, '2025_09_04_202618_create_categories_table', 1),
(6, '2025_09_04_204444_create_brands_table', 1),
(7, '2025_09_04_221934_create_products_table', 1),
(8, '2025_09_06_165606_create_system_settings_table', 1),
(9, '2025_09_10_232453_create_long_description_images_table', 1),
(10, '2025_09_11_171354_create_product_multi_images_table', 1);

-- --------------------------------------------------------

--
-- Table structure for table `model_has_permissions`
--

CREATE TABLE `model_has_permissions` (
  `permission_id` bigint(20) UNSIGNED NOT NULL,
  `model_type` varchar(255) NOT NULL,
  `model_id` bigint(20) UNSIGNED NOT NULL
) ENGINE=InnoDB DEFAULT CHARSET=utf8mb4 COLLATE=utf8mb4_unicode_ci;

-- --------------------------------------------------------

--
-- Table structure for table `model_has_roles`
--

CREATE TABLE `model_has_roles` (
  `role_id` bigint(20) UNSIGNED NOT NULL,
  `model_type` varchar(255) NOT NULL,
  `model_id` bigint(20) UNSIGNED NOT NULL
) ENGINE=InnoDB DEFAULT CHARSET=utf8mb4 COLLATE=utf8mb4_unicode_ci;

--
-- Dumping data for table `model_has_roles`
--

INSERT INTO `model_has_roles` (`role_id`, `model_type`, `model_id`) VALUES
(1, 'App\\Models\\User', 1),
(2, 'App\\Models\\User', 2);

-- --------------------------------------------------------

--
-- Table structure for table `password_reset_tokens`
--

CREATE TABLE `password_reset_tokens` (
  `email` varchar(255) NOT NULL,
  `token` varchar(255) NOT NULL,
  `created_at` timestamp NULL DEFAULT NULL
) ENGINE=InnoDB DEFAULT CHARSET=utf8mb4 COLLATE=utf8mb4_unicode_ci;

-- --------------------------------------------------------

--
-- Table structure for table `permissions`
--

CREATE TABLE `permissions` (
  `id` bigint(20) UNSIGNED NOT NULL,
  `name` varchar(255) NOT NULL,
  `guard_name` varchar(255) NOT NULL,
  `created_at` timestamp NULL DEFAULT NULL,
  `updated_at` timestamp NULL DEFAULT NULL
) ENGINE=InnoDB DEFAULT CHARSET=utf8mb4 COLLATE=utf8mb4_unicode_ci;

--
-- Dumping data for table `permissions`
--

INSERT INTO `permissions` (`id`, `name`, `guard_name`, `created_at`, `updated_at`) VALUES
(1, 'category_create', 'web', '2025-09-11 11:21:59', '2025-09-11 11:21:59'),
(2, 'category_view', 'web', '2025-09-11 11:21:59', '2025-09-11 11:21:59'),
(3, 'category_edit', 'web', '2025-09-11 11:21:59', '2025-09-11 11:21:59'),
(4, 'category_delete', 'web', '2025-09-11 11:21:59', '2025-09-11 11:21:59'),
(5, 'brand_create', 'web', '2025-09-11 11:21:59', '2025-09-11 11:21:59'),
(6, 'brand_view', 'web', '2025-09-11 11:21:59', '2025-09-11 11:21:59'),
(7, 'brand_edit', 'web', '2025-09-11 11:21:59', '2025-09-11 11:21:59'),
(8, 'brand_delete', 'web', '2025-09-11 11:21:59', '2025-09-11 11:21:59'),
(9, 'product_create', 'web', '2025-09-11 11:21:59', '2025-09-11 11:21:59'),
(10, 'product_view', 'web', '2025-09-11 11:21:59', '2025-09-11 11:21:59'),
(11, 'product_edit', 'web', '2025-09-11 11:21:59', '2025-09-11 11:21:59'),
(12, 'product_delete', 'web', '2025-09-11 11:21:59', '2025-09-11 11:21:59'),
(13, 'role_create', 'web', '2025-09-11 11:21:59', '2025-09-11 11:21:59'),
(14, 'role_view', 'web', '2025-09-11 11:21:59', '2025-09-11 11:21:59'),
(15, 'role_edit', 'web', '2025-09-11 11:21:59', '2025-09-11 11:21:59'),
(16, 'role_delete', 'web', '2025-09-11 11:21:59', '2025-09-11 11:21:59'),
(17, 'user_create', 'web', '2025-09-11 11:21:59', '2025-09-11 11:21:59'),
(18, 'user_view', 'web', '2025-09-11 11:21:59', '2025-09-11 11:21:59'),
(19, 'user_edit', 'web', '2025-09-11 11:21:59', '2025-09-11 11:21:59'),
(20, 'user_delete', 'web', '2025-09-11 11:21:59', '2025-09-11 11:21:59'),
(21, 'dashboard_view', 'web', '2025-09-11 11:21:59', '2025-09-11 11:21:59'),
(22, 'system-settings_edit', 'web', '2025-09-11 11:21:59', '2025-09-11 11:21:59'),
(23, 'system-settings_update', 'web', '2025-09-11 11:21:59', '2025-09-11 11:21:59');

-- --------------------------------------------------------

--
-- Table structure for table `products`
--

CREATE TABLE `products` (
  `id` bigint(20) UNSIGNED NOT NULL,
  `name` varchar(255) NOT NULL,
  `slug` varchar(255) NOT NULL,
  `category_id` bigint(20) UNSIGNED NOT NULL DEFAULT 1,
  `brand_id` bigint(20) UNSIGNED NOT NULL DEFAULT 1,
  `code` varchar(255) NOT NULL,
  `image` text DEFAULT NULL,
  `short_description` text DEFAULT NULL,
  `long_description` longtext DEFAULT NULL,
  `regular_price` decimal(10,2) NOT NULL,
  `selling_price` decimal(10,2) NOT NULL,
  `stock` int(11) NOT NULL DEFAULT 0,
  `status` tinyint(4) NOT NULL DEFAULT 1 COMMENT '1=Active, 0=Inactive',
  `created_at` timestamp NULL DEFAULT NULL,
  `updated_at` timestamp NULL DEFAULT NULL
) ENGINE=InnoDB DEFAULT CHARSET=utf8mb4 COLLATE=utf8mb4_unicode_ci;

--
-- Dumping data for table `products`
--

INSERT INTO `products` (`id`, `name`, `slug`, `category_id`, `brand_id`, `code`, `image`, `short_description`, `long_description`, `regular_price`, `selling_price`, `stock`, `status`, `created_at`, `updated_at`) VALUES
(25, 'Isabella Sanders', 'isabella-sanders', 1, 1, 'Dolor labore quia te', NULL, 'Aute minima velit i', NULL, 7644.00, 228.00, 39, 1, '2025-09-12 11:17:11', '2025-09-12 13:33:06');

-- --------------------------------------------------------

--
-- Table structure for table `product_multi_images`
--

CREATE TABLE `product_multi_images` (
  `id` bigint(20) UNSIGNED NOT NULL,
  `product_id` bigint(20) UNSIGNED NOT NULL,
  `image` text NOT NULL,
  `created_at` timestamp NULL DEFAULT NULL,
  `updated_at` timestamp NULL DEFAULT NULL
) ENGINE=InnoDB DEFAULT CHARSET=utf8mb4 COLLATE=utf8mb4_unicode_ci;

--
-- Dumping data for table `product_multi_images`
--

INSERT INTO `product_multi_images` (`id`, `product_id`, `image`, `created_at`, `updated_at`) VALUES
(71, 25, 'uploads/products-images/multi/1757705586_68c4757223723.png', '2025-09-12 13:33:06', '2025-09-12 13:33:06');

-- --------------------------------------------------------

--
-- Table structure for table `roles`
--

CREATE TABLE `roles` (
  `id` bigint(20) UNSIGNED NOT NULL,
  `name` varchar(255) NOT NULL,
  `guard_name` varchar(255) NOT NULL,
  `created_at` timestamp NULL DEFAULT NULL,
  `updated_at` timestamp NULL DEFAULT NULL
) ENGINE=InnoDB DEFAULT CHARSET=utf8mb4 COLLATE=utf8mb4_unicode_ci;

--
-- Dumping data for table `roles`
--

INSERT INTO `roles` (`id`, `name`, `guard_name`, `created_at`, `updated_at`) VALUES
(1, 'admin', 'web', '2025-09-11 11:21:59', '2025-09-11 11:21:59'),
(2, 'user', 'web', '2025-09-11 11:21:59', '2025-09-11 11:21:59');

-- --------------------------------------------------------

--
-- Table structure for table `role_has_permissions`
--

CREATE TABLE `role_has_permissions` (
  `permission_id` bigint(20) UNSIGNED NOT NULL,
  `role_id` bigint(20) UNSIGNED NOT NULL
) ENGINE=InnoDB DEFAULT CHARSET=utf8mb4 COLLATE=utf8mb4_unicode_ci;

--
-- Dumping data for table `role_has_permissions`
--

INSERT INTO `role_has_permissions` (`permission_id`, `role_id`) VALUES
(1, 1),
(1, 2),
(2, 1),
(2, 2),
(3, 1),
(4, 1),
(4, 2),
(5, 1),
(5, 2),
(6, 1),
(6, 2),
(7, 1),
(7, 2),
(8, 1),
(9, 1),
(9, 2),
(10, 1),
(10, 2),
(11, 1),
(11, 2),
(12, 1),
(13, 1),
(14, 1),
(15, 1),
(16, 1),
(17, 1),
(18, 1),
(19, 1),
(20, 1),
(21, 1),
(21, 2),
(22, 1),
(23, 1);

-- --------------------------------------------------------

--
-- Table structure for table `sessions`
--

CREATE TABLE `sessions` (
  `id` varchar(255) NOT NULL,
  `user_id` bigint(20) UNSIGNED DEFAULT NULL,
  `ip_address` varchar(45) DEFAULT NULL,
  `user_agent` text DEFAULT NULL,
  `payload` longtext NOT NULL,
  `last_activity` int(11) NOT NULL
) ENGINE=InnoDB DEFAULT CHARSET=utf8mb4 COLLATE=utf8mb4_unicode_ci;

--
-- Dumping data for table `sessions`
--

INSERT INTO `sessions` (`id`, `user_id`, `ip_address`, `user_agent`, `payload`, `last_activity`) VALUES
('PkdHK8mWrfF4Qz6AiNR9VBf1xIlLTFJz8YqhBTo8', 1, '127.0.0.1', 'Mozilla/5.0 (Windows NT 10.0; Win64; x64) AppleWebKit/537.36 (KHTML, like Gecko) Chrome/140.0.0.0 Safari/537.36', 'YTo0OntzOjY6Il90b2tlbiI7czo0MDoiWEJxS2JCbHZoZzNvcjVVSXJ5RXBXU1VwUlo3UTlWa3lvVzB1aVBzaCI7czo5OiJfcHJldmlvdXMiO2E6MTp7czozOiJ1cmwiO3M6NDg6Imh0dHA6Ly8xMjcuMC4wLjE6ODAwMC9hZG1pbi9zeXN0ZW0vbWFpbC1zZXR0aW5ncyI7fXM6NjoiX2ZsYXNoIjthOjI6e3M6Mzoib2xkIjthOjA6e31zOjM6Im5ldyI7YTowOnt9fXM6NTA6ImxvZ2luX3dlYl81OWJhMzZhZGRjMmIyZjk0MDE1ODBmMDE0YzdmNThlYTRlMzA5ODlkIjtpOjE7fQ==', 1757724591);

-- --------------------------------------------------------

--
-- Table structure for table `system_settings`
--

CREATE TABLE `system_settings` (
  `id` bigint(20) UNSIGNED NOT NULL,
  `logo` varchar(255) DEFAULT NULL,
  `mini_logo` varchar(255) DEFAULT NULL,
  `favicon` varchar(255) DEFAULT NULL,
  `system_title` varchar(255) DEFAULT NULL,
  `company_name` varchar(255) DEFAULT NULL,
  `tag_line` varchar(255) DEFAULT NULL,
  `phone_number` varchar(255) DEFAULT NULL,
  `whatsapp_number` varchar(255) DEFAULT NULL,
  `email` varchar(255) DEFAULT NULL,
  `copyright_text` varchar(255) DEFAULT NULL,
  `created_at` timestamp NULL DEFAULT NULL,
  `updated_at` timestamp NULL DEFAULT NULL
) ENGINE=InnoDB DEFAULT CHARSET=utf8mb4 COLLATE=utf8mb4_unicode_ci;

--
-- Dumping data for table `system_settings`
--

INSERT INTO `system_settings` (`id`, `logo`, `mini_logo`, `favicon`, `system_title`, `company_name`, `tag_line`, `phone_number`, `whatsapp_number`, `email`, `copyright_text`, `created_at`, `updated_at`) VALUES
(1, 'uploads/system-settings-images/logo_1757703174_68c46c06b02db.jpg', 'uploads/system-settings-images/mini_logo_1757703175_68c46c0742452.jpg', 'uploads/system-settings-images/favicon_1757709359_68c4842fbe5b2.png', 'My System', 'My Company', 'Your tagline here', '+880123456789', '+880123456789', 'info@mycompany.com', '© 2025 My Company. All rights reserved.', '2025-09-11 11:22:00', '2025-09-12 14:35:59');

-- --------------------------------------------------------

--
-- Table structure for table `users`
--

CREATE TABLE `users` (
  `id` bigint(20) UNSIGNED NOT NULL,
  `name` varchar(255) NOT NULL,
  `username` varchar(255) NOT NULL,
  `email` varchar(255) NOT NULL,
  `email_verified_at` timestamp NULL DEFAULT NULL,
  `password` varchar(255) NOT NULL,
  `image` varchar(255) DEFAULT NULL,
  `status` tinyint(4) NOT NULL DEFAULT 1 COMMENT '1 = Active, 0 = Inactive',
  `is_admin` tinyint(4) NOT NULL DEFAULT 0 COMMENT '1 = Admin, 0 = User',
  `remember_token` varchar(100) DEFAULT NULL,
  `created_at` timestamp NULL DEFAULT NULL,
  `updated_at` timestamp NULL DEFAULT NULL
) ENGINE=InnoDB DEFAULT CHARSET=utf8mb4 COLLATE=utf8mb4_unicode_ci;

--
-- Dumping data for table `users`
--

INSERT INTO `users` (`id`, `name`, `username`, `email`, `email_verified_at`, `password`, `image`, `status`, `is_admin`, `remember_token`, `created_at`, `updated_at`) VALUES
(1, 'Admin', 'admin', 'admin@admin.com', NULL, '$2y$12$W9ZSHPJH/0CMmalyDQwWDuENCejA8AFntCsexkfal7xHNdcgFNUiu', NULL, 1, 1, NULL, '2025-09-11 11:22:00', '2025-09-11 11:22:00'),
(2, 'User', 'user', 'user@user.com', NULL, '$2y$12$9LFBogj.U9QIEp22b4DwIuAiffcv0Po.xhmRQARgoEBJqKk/q3P0W', NULL, 1, 0, NULL, '2025-09-11 11:22:00', '2025-09-11 11:22:00');

--
-- Indexes for dumped tables
--

--
-- Indexes for table `brands`
--
ALTER TABLE `brands`
  ADD PRIMARY KEY (`id`),
  ADD UNIQUE KEY `brands_name_unique` (`name`),
  ADD UNIQUE KEY `brands_slug_unique` (`slug`);

--
-- Indexes for table `cache`
--
ALTER TABLE `cache`
  ADD PRIMARY KEY (`key`);

--
-- Indexes for table `cache_locks`
--
ALTER TABLE `cache_locks`
  ADD PRIMARY KEY (`key`);

--
-- Indexes for table `categories`
--
ALTER TABLE `categories`
  ADD PRIMARY KEY (`id`),
  ADD UNIQUE KEY `categories_name_unique` (`name`),
  ADD UNIQUE KEY `categories_slug_unique` (`slug`);

--
-- Indexes for table `failed_jobs`
--
ALTER TABLE `failed_jobs`
  ADD PRIMARY KEY (`id`),
  ADD UNIQUE KEY `failed_jobs_uuid_unique` (`uuid`);

--
-- Indexes for table `jobs`
--
ALTER TABLE `jobs`
  ADD PRIMARY KEY (`id`),
  ADD KEY `jobs_queue_index` (`queue`);

--
-- Indexes for table `job_batches`
--
ALTER TABLE `job_batches`
  ADD PRIMARY KEY (`id`);

--
-- Indexes for table `long_description_images`
--
ALTER TABLE `long_description_images`
  ADD PRIMARY KEY (`id`),
  ADD KEY `long_description_images_product_id_foreign` (`product_id`);

--
-- Indexes for table `migrations`
--
ALTER TABLE `migrations`
  ADD PRIMARY KEY (`id`);

--
-- Indexes for table `model_has_permissions`
--
ALTER TABLE `model_has_permissions`
  ADD PRIMARY KEY (`permission_id`,`model_id`,`model_type`),
  ADD KEY `model_has_permissions_model_id_model_type_index` (`model_id`,`model_type`);

--
-- Indexes for table `model_has_roles`
--
ALTER TABLE `model_has_roles`
  ADD PRIMARY KEY (`role_id`,`model_id`,`model_type`),
  ADD KEY `model_has_roles_model_id_model_type_index` (`model_id`,`model_type`);

--
-- Indexes for table `password_reset_tokens`
--
ALTER TABLE `password_reset_tokens`
  ADD PRIMARY KEY (`email`);

--
-- Indexes for table `permissions`
--
ALTER TABLE `permissions`
  ADD PRIMARY KEY (`id`),
  ADD UNIQUE KEY `permissions_name_guard_name_unique` (`name`,`guard_name`);

--
-- Indexes for table `products`
--
ALTER TABLE `products`
  ADD PRIMARY KEY (`id`),
  ADD UNIQUE KEY `products_name_unique` (`name`),
  ADD UNIQUE KEY `products_slug_unique` (`slug`),
  ADD KEY `products_category_id_foreign` (`category_id`),
  ADD KEY `products_brand_id_foreign` (`brand_id`);

--
-- Indexes for table `product_multi_images`
--
ALTER TABLE `product_multi_images`
  ADD PRIMARY KEY (`id`),
  ADD KEY `product_multi_images_product_id_foreign` (`product_id`);

--
-- Indexes for table `roles`
--
ALTER TABLE `roles`
  ADD PRIMARY KEY (`id`),
  ADD UNIQUE KEY `roles_name_guard_name_unique` (`name`,`guard_name`);

--
-- Indexes for table `role_has_permissions`
--
ALTER TABLE `role_has_permissions`
  ADD PRIMARY KEY (`permission_id`,`role_id`),
  ADD KEY `role_has_permissions_role_id_foreign` (`role_id`);

--
-- Indexes for table `sessions`
--
ALTER TABLE `sessions`
  ADD PRIMARY KEY (`id`),
  ADD KEY `sessions_user_id_index` (`user_id`),
  ADD KEY `sessions_last_activity_index` (`last_activity`);

--
-- Indexes for table `system_settings`
--
ALTER TABLE `system_settings`
  ADD PRIMARY KEY (`id`);

--
-- Indexes for table `users`
--
ALTER TABLE `users`
  ADD PRIMARY KEY (`id`),
  ADD UNIQUE KEY `users_username_unique` (`username`),
  ADD UNIQUE KEY `users_email_unique` (`email`);

--
-- AUTO_INCREMENT for dumped tables
--

--
-- AUTO_INCREMENT for table `brands`
--
ALTER TABLE `brands`
  MODIFY `id` bigint(20) UNSIGNED NOT NULL AUTO_INCREMENT, AUTO_INCREMENT=3;

--
-- AUTO_INCREMENT for table `categories`
--
ALTER TABLE `categories`
  MODIFY `id` bigint(20) UNSIGNED NOT NULL AUTO_INCREMENT, AUTO_INCREMENT=25;

--
-- AUTO_INCREMENT for table `failed_jobs`
--
ALTER TABLE `failed_jobs`
  MODIFY `id` bigint(20) UNSIGNED NOT NULL AUTO_INCREMENT;

--
-- AUTO_INCREMENT for table `jobs`
--
ALTER TABLE `jobs`
  MODIFY `id` bigint(20) UNSIGNED NOT NULL AUTO_INCREMENT;

--
-- AUTO_INCREMENT for table `long_description_images`
--
ALTER TABLE `long_description_images`
  MODIFY `id` bigint(20) UNSIGNED NOT NULL AUTO_INCREMENT, AUTO_INCREMENT=60;

--
-- AUTO_INCREMENT for table `migrations`
--
ALTER TABLE `migrations`
  MODIFY `id` int(10) UNSIGNED NOT NULL AUTO_INCREMENT, AUTO_INCREMENT=11;

--
-- AUTO_INCREMENT for table `permissions`
--
ALTER TABLE `permissions`
  MODIFY `id` bigint(20) UNSIGNED NOT NULL AUTO_INCREMENT, AUTO_INCREMENT=24;

--
-- AUTO_INCREMENT for table `products`
--
ALTER TABLE `products`
  MODIFY `id` bigint(20) UNSIGNED NOT NULL AUTO_INCREMENT, AUTO_INCREMENT=32;

--
-- AUTO_INCREMENT for table `product_multi_images`
--
ALTER TABLE `product_multi_images`
  MODIFY `id` bigint(20) UNSIGNED NOT NULL AUTO_INCREMENT, AUTO_INCREMENT=72;

--
-- AUTO_INCREMENT for table `roles`
--
ALTER TABLE `roles`
  MODIFY `id` bigint(20) UNSIGNED NOT NULL AUTO_INCREMENT, AUTO_INCREMENT=3;

--
-- AUTO_INCREMENT for table `system_settings`
--
ALTER TABLE `system_settings`
  MODIFY `id` bigint(20) UNSIGNED NOT NULL AUTO_INCREMENT, AUTO_INCREMENT=2;

--
-- AUTO_INCREMENT for table `users`
--
ALTER TABLE `users`
  MODIFY `id` bigint(20) UNSIGNED NOT NULL AUTO_INCREMENT, AUTO_INCREMENT=3;

--
-- Constraints for dumped tables
--

--
-- Constraints for table `long_description_images`
--
ALTER TABLE `long_description_images`
  ADD CONSTRAINT `long_description_images_product_id_foreign` FOREIGN KEY (`product_id`) REFERENCES `products` (`id`) ON DELETE CASCADE;

--
-- Constraints for table `model_has_permissions`
--
ALTER TABLE `model_has_permissions`
  ADD CONSTRAINT `model_has_permissions_permission_id_foreign` FOREIGN KEY (`permission_id`) REFERENCES `permissions` (`id`) ON DELETE CASCADE;

--
-- Constraints for table `model_has_roles`
--
ALTER TABLE `model_has_roles`
  ADD CONSTRAINT `model_has_roles_role_id_foreign` FOREIGN KEY (`role_id`) REFERENCES `roles` (`id`) ON DELETE CASCADE;

--
-- Constraints for table `products`
--
ALTER TABLE `products`
  ADD CONSTRAINT `products_brand_id_foreign` FOREIGN KEY (`brand_id`) REFERENCES `brands` (`id`) ON UPDATE CASCADE,
  ADD CONSTRAINT `products_category_id_foreign` FOREIGN KEY (`category_id`) REFERENCES `categories` (`id`) ON UPDATE CASCADE;

--
-- Constraints for table `product_multi_images`
--
ALTER TABLE `product_multi_images`
  ADD CONSTRAINT `product_multi_images_product_id_foreign` FOREIGN KEY (`product_id`) REFERENCES `products` (`id`) ON DELETE CASCADE;

--
-- Constraints for table `role_has_permissions`
--
ALTER TABLE `role_has_permissions`
  ADD CONSTRAINT `role_has_permissions_permission_id_foreign` FOREIGN KEY (`permission_id`) REFERENCES `permissions` (`id`) ON DELETE CASCADE,
  ADD CONSTRAINT `role_has_permissions_role_id_foreign` FOREIGN KEY (`role_id`) REFERENCES `roles` (`id`) ON DELETE CASCADE;
COMMIT;

/*!40101 SET CHARACTER_SET_CLIENT=@OLD_CHARACTER_SET_CLIENT */;
/*!40101 SET CHARACTER_SET_RESULTS=@OLD_CHARACTER_SET_RESULTS */;
/*!40101 SET COLLATION_CONNECTION=@OLD_COLLATION_CONNECTION */;
